{"cameraMode":{"drawMode":0,"name":"Shaded","section":"Shading Mode"},"sceneLighting":false,"audioPlay":false,"sceneViewState":{"showFog":true,"showMaterialUpdate":false,"showSkybox":true,"showFlares":true,"showImageEffects":true,"showParticleSystems":true},"in2DMode":false,"pivot":{"x":0.7500019073486328,"y":4.226328372955322,"z":0.0},"rotation":{"x":-0.0035934834741055967,"y":0.9797086715698242,"z":-0.19961711764335633,"w":-0.01763646863400936},"size":52.317657470703128,"orthographic":false}