{"cameraMode":{"drawMode":0,"name":"Shaded","section":"Shading Mode"},"sceneLighting":false,"audioPlay":false,"sceneViewState":{"showFog":true,"showMaterialUpdate":false,"showSkybox":true,"showFlares":true,"showImageEffects":true,"showParticleSystems":true},"in2DMode":false,"pivot":{"x":-2.2899999618530275,"y":1.790000081062317,"z":11.789999961853028},"rotation":{"x":0.11237090080976486,"y":-0.653506875038147,"z":0.09897476434707642,"w":0.7419607043266296},"size":49.9019775390625,"orthographic":false}