{"cameraMode":{"drawMode":0,"name":"Shaded","section":"Shading Mode"},"sceneLighting":false,"audioPlay":false,"sceneViewState":{"showFog":true,"showMaterialUpdate":false,"showSkybox":true,"showFlares":true,"showImageEffects":true,"showParticleSystems":true},"in2DMode":false,"pivot":{"x":-6.5333051681518559,"y":4.607257843017578,"z":16.767236709594728},"rotation":{"x":-0.2434704303741455,"y":0.30522769689559939,"z":-0.08103431016206742,"w":-0.9170560240745544},"size":1.8448110818862916,"orthographic":false}