{"cameraMode":{"drawMode":0,"name":"Shaded","section":"Shading Mode"},"sceneLighting":false,"audioPlay":false,"sceneViewState":{"showFog":true,"showMaterialUpdate":false,"showSkybox":true,"showFlares":true,"showImageEffects":true,"showParticleSystems":true},"in2DMode":false,"pivot":{"x":-0.4008443355560303,"y":-0.1700894832611084,"z":1.2211476564407349},"rotation":{"x":-0.21893690526485444,"y":0.4247525632381439,"z":-0.10665054619312287,"w":-0.8719390034675598},"size":1.5869765281677247,"orthographic":false}