{"cameraMode":{"drawMode":0,"name":"Shaded","section":"Shading Mode"},"sceneLighting":false,"audioPlay":false,"sceneViewState":{"showFog":true,"showMaterialUpdate":false,"showSkybox":true,"showFlares":true,"showImageEffects":true,"showParticleSystems":true},"in2DMode":false,"pivot":{"x":-0.6125000715255737,"y":-0.18250001966953278,"z":1.244999885559082},"rotation":{"x":-0.08768852800130844,"y":0.8912747502326965,"z":-0.1955716460943222,"w":-0.39961469173431399},"size":1.1526910066604615,"orthographic":false}