{"cameraMode":{"drawMode":0,"name":"Shaded","section":"Shading Mode"},"sceneLighting":false,"audioPlay":false,"sceneViewState":{"showFog":true,"showMaterialUpdate":false,"showSkybox":true,"showFlares":true,"showImageEffects":true,"showParticleSystems":true},"in2DMode":false,"pivot":{"x":12.499999046325684,"y":1.0,"z":-0.0000014901161193847657},"rotation":{"x":0.11237090080976486,"y":-0.653506875038147,"z":0.09897476434707642,"w":0.7419607043266296},"size":56.93317413330078,"orthographic":false}