{"cameraMode":{"drawMode":0,"name":"Shaded","section":"Shading Mode"},"sceneLighting":false,"audioPlay":false,"sceneViewState":{"showFog":true,"showMaterialUpdate":false,"showSkybox":true,"showFlares":true,"showImageEffects":true,"showParticleSystems":true},"in2DMode":false,"pivot":{"x":3.008056640625,"y":1.4131872653961182,"z":11.148429870605469},"rotation":{"x":-0.22294053435325623,"y":0.5415831804275513,"z":-0.15163910388946534,"w":-0.7962353825569153},"size":2.3278589248657228,"orthographic":false}