{"cameraMode":{"drawMode":0,"name":"Shaded","section":"Shading Mode"},"sceneLighting":false,"audioPlay":false,"sceneViewState":{"showFog":true,"showMaterialUpdate":false,"showSkybox":true,"showFlares":true,"showImageEffects":true,"showParticleSystems":true},"in2DMode":false,"pivot":{"x":0.03875875473022461,"y":-0.10053642839193344,"z":0.07999992370605469},"rotation":{"x":0.33017951250076296,"y":-0.4152783155441284,"z":0.16490893065929414,"w":0.8314628601074219},"size":10.07443618774414,"orthographic":false}